{
  "pipeline_version": "1.0",
  "total_channels_processed": 5,
  "autoencoder_trained": true,
  "metrics_summary": {
    "avg_snr_improvement_classical": 9.79661613670483,
    "avg_snr_improvement_dl": 9.829409167261293,
    "avg_peak_precision_classical": 0.13011904761904763,
    "avg_peak_recall_classical": 1.0,
    "avg_peak_precision_dl": 0.09351552795031055,
    "avg_peak_recall_dl": 1.0
  },
  "artifacts": {
    "G1_C1_E1": {
      "intermediate_csv": "results\\final\\intermediate_G1_C1_E1.csv",
      "panel_png": "results\\final\\pipeline_G1_C1_E1_panel.png"
    },
    "G1_C1_E2": {
      "intermediate_csv": "results\\final\\intermediate_G1_C1_E2.csv",
      "panel_png": "results\\final\\pipeline_G1_C1_E2_panel.png"
    },
    "G1_C1_E3": {
      "intermediate_csv": "results\\final\\intermediate_G1_C1_E3.csv",
      "panel_png": "results\\final\\pipeline_G1_C1_E3_panel.png"
    },
    "G1_C2_E1": {
      "intermediate_csv": "results\\final\\intermediate_G1_C2_E1.csv",
      "panel_png": "results\\final\\pipeline_G1_C2_E1_panel.png"
    },
    "G1_C2_E2": {
      "intermediate_csv": "results\\final\\intermediate_G1_C2_E2.csv",
      "panel_png": "results\\final\\pipeline_G1_C2_E2_panel.png"
    }
  },
  "output_files": {
    "metrics_csv": "results\\final\\metrics_classical_vs_dl.csv",
    "snr_comparison": "results\\final\\compare_snr_bar.png",
    "peak_table": "results\\final\\peak_detection_table.png"
  }
}